node1_id,node2_id,node1,node2,combined_score,neighborhood_score,coexpression_score,database_score,textmining_score
9606.ENSP00000344818,9606.ENSP00000336927,UBC,ALDOA,0.999,0.999,0.186,0.0,0.0
9606.ENSP00000344818,9606.ENSP00000229239,UBC,GAPDH,0.999,0.998,0.505,0.0,0.0
9606.ENSP00000344818,9606.ENSP00000320171,UBC,PKM,0.999,0.998,0.066,0.0,0.0
9606.ENSP00000324105,9606.ENSP00000320171,ENO3,PKM,0.999,0.284,0.974,0.7,0.9
9606.ENSP00000405455,9606.ENSP00000321259,TKT,TALDO1,0.998,0.462,0.444,0.697,0.9
9606.ENSP00000359991,9606.ENSP00000344818,PGAM1,UBC,0.998,0.998,0.084,0.0,0.0
9606.ENSP00000405573,9606.ENSP00000344818,GPI,UBC,0.998,0.998,0.1,0.0,0.0
9606.ENSP00000405455,9606.ENSP00000344818,TKT,UBC,0.997,0.996,0.125,0.0,0.0
9606.ENSP00000405573,9606.ENSP00000360124,GPI,PGM1,0.996,0.229,0.802,0.9,0.788
9606.ENSP00000366620,9606.ENSP00000270776,H6PD,PGD,0.996,0.608,0.383,0.447,0.9
-1.CID100000753,-1.CID100001003,glycerol,phosphate,0.995,0.9,0.952,0.0,0.0
9606.ENSP00000222286,-1.CID100001003,GAPDHS,phosphate,0.994,0.921,0.9,0.383,0.0
9606.ENSP00000270776,-1.CID100000929,PGD,NADPH,0.994,0.936,0.9,0.166,0.0
9606.ENSP00000405573,9606.ENSP00000324105,GPI,ENO3,0.994,0.09,0.736,0.644,0.8
-1.CID100000784,-1.CID100023925,hydrogen perox.,Fe(III,0.994,0.9,0.942,0.0,0.0
9606.ENSP00000371393,9606.ENSP00000360124,PGM2,PGM1,0.993,0.064,0.644,0.8,0.912
9606.ENSP00000377192,9606.ENSP00000252603,G6PD,PGLS,0.992,0.462,0.467,0.9,0.765
9606.ENSP00000405573,9606.ENSP00000320171,GPI,PKM,0.991,0.078,0.827,0.8,0.773
9606.ENSP00000344818,9606.ENSP00000229319,UBC,LDHB,0.991,0.99,0.114,0.0,0.0
9606.ENSP00000377192,-1.CID100000929,G6PD,NADPH,0.99,0.8,0.9,0.571,0.0
9606.ENSP00000405455,9606.ENSP00000352401,TKT,RPE,0.988,0.284,0.223,0.14,0.253
9606.ENSP00000377192,9606.ENSP00000344818,G6PD,UBC,0.988,0.988,0.0,0.0,0.0
9606.ENSP00000270776,9606.ENSP00000252603,PGD,PGLS,0.988,0.284,0.158,0.9,0.836
9606.ENSP00000320171,9606.ENSP00000229319,PKM,LDHB,0.988,0.112,0.219,0.9,0.85
9606.ENSP00000324105,9606.ENSP00000297283,ENO3,PGAM2,0.987,0.089,0.433,0.087,0.9
9606.ENSP00000336927,9606.ENSP00000320171,ALDOA,PKM,0.987,0.683,0.8,0.811,0.0
9606.ENSP00000344818,9606.ENSP00000270776,UBC,PGD,0.987,0.074,0.986,0.071,0.0
-1.CID100000784,-1.CID100001003,hydrogen perox.,phosphate,0.987,0.9,0.874,0.0,0.0
9606.ENSP00000320171,9606.ENSP00000226253,PKM,ALDOC,0.986,0.683,0.068,0.8,0.799
9606.ENSP00000321259,9606.ENSP00000280605,TALDO1,TKTL2,0.986,0.462,0.444,0.186,0.9
9606.ENSP00000344818,9606.ENSP00000297283,UBC,PGAM2,0.986,0.985,0.0,0.0,0.0
9606.ENSP00000377192,-1.CID100000076,G6PD,DHEA,0.986,0.179,0.8,0.924,0.0
9606.ENSP00000229239,-1.CID100001003,GAPDH,phosphate,0.985,0.618,0.9,0.65,0.0
9606.ENSP00000342032,9606.ENSP00000229239,BPGM,GAPDH,0.985,0.184,0.67,0.9,0.513
9606.ENSP00000405573,-1.CID100001003,GPI,phosphate,0.985,0.795,0.9,0.308,0.0
9606.ENSP00000336927,9606.ENSP00000324105,ALDOA,ENO3,0.985,0.736,0.246,0.8,0.677
9606.ENSP00000336927,9606.ENSP00000229239,ALDOA,GAPDH,0.984,0.284,0.265,0.202,0.9
9606.ENSP00000320171,9606.ENSP00000280704,PKM,LDHC,0.984,0.112,0.219,0.9,0.799
9606.ENSP00000405573,9606.ENSP00000292432,GPI,HK3,0.984,0.125,0.9,0.839,0.0
9606.ENSP00000363988,9606.ENSP00000320171,ALDOB,PKM,0.984,0.683,0.8,0.775,0.0
9606.ENSP00000405573,9606.ENSP00000366620,GPI,H6PD,0.984,0.608,0.073,0.9,0.621
-1.CID100001003,-1.CID100023925,phosphate,Fe(III,0.984,0.9,0.848,0.0,0.0
9606.ENSP00000369134,9606.ENSP00000320171,PDHA1,PKM,0.983,0.674,0.9,0.544,0.0
9606.ENSP00000405573,-1.CID100000208,GPI,alpha-D-Glucose,0.983,0.795,0.9,0.216,0.0
9606.ENSP00000377192,-1.CID100000208,G6PD,alpha-D-Glucose,0.983,0.8,0.9,0.21,0.0
9606.ENSP00000384774,-1.CID100000208,HK1,alpha-D-Glucose,0.982,0.8,0.9,0.163,0.0
9606.ENSP00000363988,9606.ENSP00000229239,ALDOB,GAPDH,0.982,0.284,0.265,0.202,0.9
9606.ENSP00000290573,-1.CID100000208,HK2,alpha-D-Glucose,0.982,0.8,0.9,0.163,0.0
9606.ENSP00000352401,9606.ENSP00000280605,RPE,TKTL2,0.982,0.284,0.22,0.14,0.253
9606.ENSP00000405573,9606.ENSP00000223366,GPI,GCK,0.982,0.125,0.9,0.812,0.0
9606.ENSP00000229239,9606.ENSP00000226253,GAPDH,ALDOC,0.982,0.284,0.265,0.202,0.9
9606.ENSP00000405573,9606.ENSP00000226253,GPI,ALDOC,0.982,0.667,0.8,0.758,0.0
9606.ENSP00000405573,9606.ENSP00000384774,GPI,HK1,0.982,0.125,0.9,0.811,0.0
9606.ENSP00000292432,-1.CID100000208,HK3,alpha-D-Glucose,0.982,0.8,0.9,0.163,0.0
9606.ENSP00000363988,9606.ENSP00000324105,ALDOB,ENO3,0.981,0.736,0.8,0.677,0.0
9606.ENSP00000336927,9606.ENSP00000226253,ALDOA,ALDOC,0.981,0.00790500000000001,0.907,0.8,0.0129
9606.ENSP00000324105,9606.ENSP00000226253,ENO3,ALDOC,0.981,0.736,0.8,0.68,0.0
9606.ENSP00000405573,9606.ENSP00000290573,GPI,HK2,0.981,0.125,0.9,0.802,0.0
-1.CID100000783,-1.CID100001003,hydrogen,phosphate,0.981,0.9,0.817,0.0,0.0
9606.ENSP00000359991,9606.ENSP00000324105,PGAM1,ENO3,0.98,0.089,0.433,0.087,0.9
9606.ENSP00000405573,9606.ENSP00000405455,GPI,TKT,0.98,0.462,0.127,0.9,0.634
9606.ENSP00000405573,9606.ENSP00000363988,GPI,ALDOB,0.98,0.667,0.8,0.727,0.0
9606.ENSP00000405573,9606.ENSP00000336927,GPI,ALDOA,0.98,0.667,0.8,0.725,0.0
9606.ENSP00000377192,-1.CID100000930,G6PD,NADPH,0.98,0.618,0.9,0.505,0.0
9606.ENSP00000377192,9606.ENSP00000270776,G6PD,PGD,0.979,0.462,0.404,0.531,0.389
9606.ENSP00000320171,9606.ENSP00000295266,PKM,PDHA2,0.978,0.674,0.9,0.386,0.0
9606.ENSP00000352401,9606.ENSP00000270776,RPE,PGD,0.977,0.107,0.27,0.9,0.696
9606.ENSP00000405455,9606.ENSP00000320171,TKT,PKM,0.977,0.279,0.24,0.644,0.8
-1.CID100000753,-1.CID100000784,glycerol,hydrogen perox.,0.977,0.9,0.779,0.0,0.0
-1.CID100000783,-1.CID100000930,hydrogen,NADPH,0.977,0.9,0.777,0.0,0.0
9606.ENSP00000405573,9606.ENSP00000377192,GPI,G6PD,0.977,0.462,0.072,0.9,0.596
9606.ENSP00000252603,-1.CID100000600,PGLS,6-phosphog.nol.,0.976,0.9,0.771,0.0,0.0
9606.ENSP00000405573,9606.ENSP00000229319,GPI,LDHB,0.976,0.113,0.157,0.8,0.858
9606.ENSP00000405573,9606.ENSP00000321259,GPI,TALDO1,0.976,0.462,0.277,0.9,0.473
9606.ENSP00000363988,9606.ENSP00000222286,ALDOB,GAPDHS,0.974,0.284,0.265,0.202,0.9
9606.ENSP00000226253,9606.ENSP00000222286,ALDOC,GAPDHS,0.974,0.284,0.265,0.202,0.9
9606.ENSP00000336927,9606.ENSP00000222286,ALDOA,GAPDHS,0.974,0.284,0.265,0.202,0.9
-1.CID100000784,-1.CID100000930,hydrogen perox.,NADPH,0.973,0.9,0.746,0.0,0.0
9606.ENSP00000342032,9606.ENSP00000324105,BPGM,ENO3,0.973,0.089,0.43,0.9,0.546
9606.ENSP00000384774,9606.ENSP00000344818,HK1,UBC,0.973,0.972,0.084,0.0,0.0
9606.ENSP00000377192,-1.CID100000600,G6PD,6-phosphog.nol.,0.972,0.9,0.731,0.0,0.0
9606.ENSP00000360124,9606.ENSP00000290573,PGM1,HK2,0.969,0.112,0.9,0.685,0.0
-1.CID100000076,-1.CID153629505,DHEA,androgen,0.968,0.968,0.0,0.0,0.0
9606.ENSP00000366620,-1.CID100000600,H6PD,6-phosphog.nol.,0.968,0.9,0.697,0.0,0.0
9606.ENSP00000295266,9606.ENSP00000280704,PDHA2,LDHC,0.968,0.087,0.9,0.687,0.0
9606.ENSP00000405573,9606.ENSP00000229239,GPI,GAPDH,0.967,0.126,0.289,0.8,0.768
9606.ENSP00000405573,9606.ENSP00000371393,GPI,PGM2,0.966,0.258,0.9,0.589,0.0
9606.ENSP00000360124,9606.ENSP00000346643,PGM1,HKDC1,0.964,0.112,0.9,0.631,0.0
9606.ENSP00000405455,9606.ENSP00000229239,TKT,GAPDH,0.964,0.462,0.075,0.8,0.686
-1.CID100000783,-1.CID100023925,hydrogen,Fe(III,0.964,0.9,0.653,0.0,0.0
9606.ENSP00000405455,9606.ENSP00000363988,TKT,ALDOB,0.964,0.277,0.064,0.9,0.531
9606.ENSP00000360124,9606.ENSP00000292432,PGM1,HK3,0.963,0.112,0.9,0.62,0.0
9606.ENSP00000344818,9606.ENSP00000226253,UBC,ALDOC,0.963,0.961,0.089,0.0,0.0
9606.ENSP00000384774,9606.ENSP00000360124,HK1,PGM1,0.963,0.112,0.9,0.623,0.0
9606.ENSP00000405573,9606.ENSP00000359991,GPI,PGAM1,0.962,0.43,0.8,0.699,0.0
9606.ENSP00000342032,9606.ENSP00000222286,BPGM,GAPDHS,0.962,0.184,0.254,0.9,0.462
9606.ENSP00000405573,9606.ENSP00000297283,GPI,PGAM2,0.962,0.43,0.8,0.695,0.0
9606.ENSP00000360124,9606.ENSP00000321259,PGM1,TALDO1,0.962,0.288,0.665,0.8,0.295
-1.CID100000929,-1.CID100001003,NADPH,phosphate,0.962,0.9,0.633,0.0,0.0
-1.CID100000757,-1.CID100001003,glycolic acid,phosphate,0.961,0.9,0.627,0.0,0.0
9606.ENSP00000344818,9606.ENSP00000321259,UBC,TALDO1,0.961,0.09,0.957,0.073,0.0
9606.ENSP00000320171,9606.ENSP00000280706,PKM,LDHAL6A,0.961,0.112,0.219,0.9,0.511
9606.ENSP00000371393,-1.CID100000208,PGM2,alpha-D-Glucose,0.96,0.618,0.9,0.0,0.0
-1.CID100000783,-1.CID100000784,hydrogen,hydrogen perox.,0.96,0.9,0.3085,0.0,0.0
9606.ENSP00000366620,9606.ENSP00000252603,H6PD,PGLS,0.96,0.462,0.114716,0.9,0.204127
9606.ENSP00000405455,9606.ENSP00000226253,TKT,ALDOC,0.96,0.277,0.064,0.9,0.487
9606.ENSP00000360124,9606.ENSP00000223366,PGM1,GCK,0.959,0.112,0.9,0.585,0.0
-1.CID100000784,-1.CID100000929,hydrogen perox.,NADPH,0.958,0.9,0.595,0.0,0.0
9606.ENSP00000324105,9606.ENSP00000229239,ENO3,GAPDH,0.958,0.462,0.716,0.26,0.678
9606.ENSP00000377192,-1.CID100000757,G6PD,glycolic acid,0.958,0.8,0.8,0.0,0.0
9606.ENSP00000405455,9606.ENSP00000336927,TKT,ALDOA,0.958,0.277,0.064,0.9,0.454
-1.CID100000753,-1.CID100000783,glycerol,hydrogen,0.957,0.9,0.582,0.0,0.0
9606.ENSP00000405573,9606.ENSP00000280605,GPI,TKTL2,0.957,0.462,0.127,0.9,0.2
9606.ENSP00000377192,9606.ENSP00000366620,G6PD,H6PD,0.957,0.462,0.117521,0.9,0.144504
-1.CID100000757,-1.CID100000784,glycolic acid,hydrogen perox.,0.957,0.9,0.583,0.0,0.0
9606.ENSP00000366620,-1.CID100000930,H6PD,NADPH,0.956,0.618,0.8,0.462,0.0
9606.ENSP00000369134,9606.ENSP00000280704,PDHA1,LDHC,0.952,0.087,0.9,0.518,0.0
9606.ENSP00000377192,-1.CID100000784,G6PD,hydrogen perox.,0.952,0.7,0.845,0.0,0.0
9606.ENSP00000405573,9606.ENSP00000346643,GPI,HKDC1,0.952,0.125,0.9,0.497,0.0
9606.ENSP00000320171,9606.ENSP00000302393,PKM,LDHAL6B,0.951,0.112,0.219,0.9,0.381
-1.CID100000929,-1.CID100000930,NADPH,NADPH,0.951,0.9,0.138336,0.0,0.0
9606.ENSP00000229319,9606.ENSP00000226253,LDHB,ALDOC,0.95,0.179,0.8,0.725,0.0
9606.ENSP00000336927,9606.ENSP00000229319,ALDOA,LDHB,0.949,0.179,0.8,0.715,0.0
9606.ENSP00000280704,9606.ENSP00000226253,LDHC,ALDOC,0.949,0.157,0.8,0.726,0.0
9606.ENSP00000363988,9606.ENSP00000321259,ALDOB,TALDO1,0.948,0.109,0.9,0.468,0.0
9606.ENSP00000320171,-1.CID100001003,PKM,phosphate,0.948,0.835,0.696,0.0,0.0
9606.ENSP00000359991,9606.ENSP00000336927,PGAM1,ALDOA,0.948,0.213,0.097,0.8,0.681
9606.ENSP00000363988,9606.ENSP00000280704,ALDOB,LDHC,0.947,0.157,0.8,0.712,0.0
9606.ENSP00000336927,9606.ENSP00000280704,ALDOA,LDHC,0.947,0.157,0.8,0.715,0.0
-1.CID100000930,-1.CID100001003,NADPH,phosphate,0.947,0.9,0.485,0.0,0.0
9606.ENSP00000336927,9606.ENSP00000321259,ALDOA,TALDO1,0.946,0.109,0.9,0.443,0.0
9606.ENSP00000320171,9606.ENSP00000229239,PKM,GAPDH,0.946,0.284,0.474,0.644,0.647
9606.ENSP00000297283,9606.ENSP00000226253,PGAM2,ALDOC,0.945,0.213,0.097,0.8,0.664
9606.ENSP00000363988,9606.ENSP00000229319,ALDOB,LDHB,0.945,0.179,0.8,0.693,0.0
9606.ENSP00000366620,9606.ENSP00000321259,H6PD,TALDO1,0.944,0.608,0.278,0.572,0.592
9606.ENSP00000321259,9606.ENSP00000226253,TALDO1,ALDOC,0.944,0.109,0.9,0.429,0.0
9606.ENSP00000369134,9606.ENSP00000229319,PDHA1,LDHB,0.944,0.087,0.9,0.44,0.0
9606.ENSP00000359991,9606.ENSP00000226253,PGAM1,ALDOC,0.943,0.213,0.097,0.8,0.651
9606.ENSP00000336927,9606.ENSP00000297283,ALDOA,PGAM2,0.943,0.213,0.097,0.8,0.65
9606.ENSP00000369134,9606.ENSP00000280706,PDHA1,LDHAL6A,0.943,0.087,0.9,0.427,0.0
-1.CID100001003,-1.CID100002524,phosphate,calcitriol,0.943,0.943,0.0,0.0,0.0
9606.ENSP00000405573,9606.ENSP00000280704,GPI,LDHC,0.943,0.113,0.142,0.8,0.674
9606.ENSP00000324105,9606.ENSP00000222286,ENO3,GAPDHS,0.942,0.462,0.716,0.26,0.55
9606.ENSP00000369134,9606.ENSP00000302393,PDHA1,LDHAL6B,0.94,0.087,0.9,0.395,0.0
9606.ENSP00000280605,9606.ENSP00000226253,TKTL2,ALDOC,0.94,0.277,0.064,0.9,0.219
9606.ENSP00000359991,9606.ENSP00000229239,PGAM1,GAPDH,0.939,0.262,0.778,0.661,0.0
9606.ENSP00000363988,9606.ENSP00000297283,ALDOB,PGAM2,0.939,0.213,0.097,0.8,0.625
9606.ENSP00000405573,9606.ENSP00000222286,GPI,GAPDHS,0.938,0.126,0.289,0.8,0.561
9606.ENSP00000292432,9606.ENSP00000226253,HK3,ALDOC,0.938,0.073,0.8,0.696,0.0
9606.ENSP00000363988,9606.ENSP00000292432,ALDOB,HK3,0.938,0.073,0.8,0.692,0.0
9606.ENSP00000336927,9606.ENSP00000280605,ALDOA,TKTL2,0.937,0.277,0.064,0.9,0.18
-1.CID100000929,-1.CID100005839,NADPH,aldosterone,0.937,0.9,0.391,0.0,0.0
9606.ENSP00000223366,-1.CID100000753,GCK,glycerol,0.937,0.926,0.17,0.0,0.0
9606.ENSP00000295266,9606.ENSP00000280706,PDHA2,LDHAL6A,0.932,0.087,0.9,0.317,0.0
9606.ENSP00000295266,9606.ENSP00000229319,PDHA2,LDHB,0.932,0.087,0.9,0.317,0.0
9606.ENSP00000302393,9606.ENSP00000295266,LDHAL6B,PDHA2,0.932,0.087,0.9,0.317,0.0
-1.CID100000783,-1.CID100005839,hydrogen,aldosterone,0.932,0.9,0.346,0.0,0.0
9606.ENSP00000405455,9606.ENSP00000360124,TKT,PGM1,0.931,0.178,0.9,0.23,0.0
9606.ENSP00000359991,-1.CID100001003,PGAM1,phosphate,0.931,0.9,0.334,0.0,0.0
9606.ENSP00000363988,9606.ENSP00000280605,ALDOB,TKTL2,0.931,0.277,0.064,0.9,0.102
9606.ENSP00000384774,9606.ENSP00000226253,HK1,ALDOC,0.93,0.073,0.8,0.653,0.0
9606.ENSP00000363988,9606.ENSP00000359991,ALDOB,PGAM1,0.93,0.213,0.097,0.8,0.567
9606.ENSP00000384774,9606.ENSP00000371393,HK1,PGM2,0.93,0.113,0.9,0.274,0.0
9606.ENSP00000360124,9606.ENSP00000336927,PGM1,ALDOA,0.93,0.458,0.8,0.409,0.0
9606.ENSP00000363988,9606.ENSP00000223366,ALDOB,GCK,0.929,0.073,0.8,0.651,0.0
-1.CID100000076,-1.CID100001003,DHEA,phosphate,0.929,0.9,0.315,0.0,0.0
9606.ENSP00000336927,9606.ENSP00000292432,ALDOA,HK3,0.929,0.073,0.8,0.649,0.0
9606.ENSP00000290573,9606.ENSP00000226253,HK2,ALDOC,0.929,0.073,0.8,0.649,0.0
9606.ENSP00000405455,9606.ENSP00000371393,TKT,PGM2,0.929,0.101,0.9,0.278,0.0
9606.ENSP00000405573,9606.ENSP00000342032,GPI,BPGM,0.929,0.288,0.8,0.546,0.0
9606.ENSP00000222286,-1.CID100000753,GAPDHS,glycerol,0.929,0.923,0.1,0.0,0.0
9606.ENSP00000371393,9606.ENSP00000290573,PGM2,HK2,0.928,0.113,0.9,0.255,0.0
9606.ENSP00000371393,9606.ENSP00000292432,PGM2,HK3,0.928,0.113,0.9,0.261,0.0
9606.ENSP00000321259,9606.ENSP00000320171,TALDO1,PKM,0.928,0.073,0.243,0.8,0.55
-1.CID100000600,-1.CID100000929,6-phosphog.nol.,NADPH,0.927,0.9,0.292,0.0,0.0
9606.ENSP00000384774,9606.ENSP00000363988,HK1,ALDOB,0.927,0.073,0.8,0.638,0.0
-1.CID100000929,-1.CID100023925,NADPH,Fe(III,0.927,0.9,0.294,0.0,0.0
9606.ENSP00000384774,9606.ENSP00000336927,HK1,ALDOA,0.927,0.073,0.8,0.639,0.0
9606.ENSP00000336927,9606.ENSP00000290573,ALDOA,HK2,0.926,0.073,0.8,0.637,0.0
9606.ENSP00000226253,9606.ENSP00000223366,ALDOC,GCK,0.926,0.073,0.8,0.633,0.0
9606.ENSP00000360124,9606.ENSP00000226253,PGM1,ALDOC,0.925,0.458,0.8,0.367,0.0
-1.CID100000753,-1.CID100000929,glycerol,NADPH,0.925,0.9,0.281,0.0,0.0
9606.ENSP00000342032,-1.CID100001003,BPGM,phosphate,0.924,0.9,0.267,0.0,0.0
9606.ENSP00000280605,9606.ENSP00000229239,TKTL2,GAPDH,0.924,0.462,0.075,0.8,0.334
9606.ENSP00000360124,9606.ENSP00000344818,PGM1,UBC,0.924,0.923,0.043,0.0,0.0
9606.ENSP00000405455,9606.ENSP00000222286,TKT,GAPDHS,0.923,0.462,0.075,0.8,0.323
-1.CID100000783,-1.CID100000929,hydrogen,NADPH,0.923,0.9,0.262,0.0,0.0
9606.ENSP00000280605,9606.ENSP00000222286,TKTL2,GAPDHS,0.923,0.462,0.075,0.8,0.324
9606.ENSP00000363988,9606.ENSP00000290573,ALDOB,HK2,0.922,0.073,0.8,0.614,0.0
-1.CID100000753,-1.CID100000930,glycerol,NADPH,0.921,0.9,0.237,0.0,0.0
9606.ENSP00000344818,-1.CID100001003,UBC,phosphate,0.92,0.9,0.231,0.0,0.0
9606.ENSP00000377192,9606.ENSP00000360124,G6PD,PGM1,0.92,0.086,0.192,0.8,0.523
9606.ENSP00000371393,9606.ENSP00000223366,PGM2,GCK,0.92,0.113,0.9,0.175,0.0
-1.CID100000783,-1.CID100002524,hydrogen,calcitriol,0.919,0.9,0.22,0.0,0.0
-1.CID100000783,-1.CID100004139,hydrogen,methylene blue,0.919,0.9,0.217,0.0,0.0
9606.ENSP00000270776,-1.CID100000600,PGD,6-phosphog.nol.,0.918,0.9,0.212,0.0,0.0
-1.CID100000600,-1.CID100000930,6-phosphog.nol.,NADPH,0.918,0.9,0.209,0.0,0.0
9606.ENSP00000366620,-1.CID100000208,H6PD,alpha-D-Glucose,0.918,0.9,0.21,0.0,0.0
9606.ENSP00000360124,9606.ENSP00000280605,PGM1,TKTL2,0.917,0.178,0.9,0.072,0.0
9606.ENSP00000371393,9606.ENSP00000280605,PGM2,TKTL2,0.917,0.101,0.9,0.151,0.0
9606.ENSP00000405455,9606.ENSP00000223366,TKT,GCK,0.917,0.092,0.8,0.583,0.0
-1.CID100000208,-1.CID100001003,alpha-D-Glucose,phosphate,0.917,0.9,0.196,0.0,0.0
9606.ENSP00000280706,9606.ENSP00000226253,LDHAL6A,ALDOC,0.916,0.179,0.8,0.531,0.0
9606.ENSP00000321259,9606.ENSP00000270776,TALDO1,PGD,0.916,0.067,0.704,0.72,0.0
9606.ENSP00000405455,9606.ENSP00000270776,TKT,PGD,0.916,0.265,0.203,0.868,0.0
9606.ENSP00000336927,9606.ENSP00000223366,ALDOA,GCK,0.916,0.073,0.8,0.585,0.0
9606.ENSP00000377192,9606.ENSP00000229319,G6PD,LDHB,0.916,0.073,0.389,0.8,0.351
9606.ENSP00000371393,9606.ENSP00000346643,PGM2,HKDC1,0.916,0.113,0.9,0.13,0.0
9606.ENSP00000280704,-1.CID100000783,LDHC,hydrogen,0.915,0.9,0.182,0.0,0.0
9606.ENSP00000352401,-1.CID100000930,RPE,NADPH,0.915,0.9,0.176,0.0,0.0
9606.ENSP00000405455,9606.ENSP00000324105,TKT,ENO3,0.915,0.289,0.8,0.451,0.0
9606.ENSP00000352401,-1.CID100000929,RPE,NADPH,0.915,0.9,0.178,0.0,0.0
9606.ENSP00000229319,-1.CID100000783,LDHB,hydrogen,0.915,0.9,0.182,0.0,0.0
9606.ENSP00000223366,-1.CID100000208,GCK,alpha-D-Glucose,0.914,0.9,0.166,0.0,0.0
-1.CID100000757,-1.CID100000783,glycolic acid,hydrogen,0.914,0.9,0.172,0.0,0.0
9606.ENSP00000270776,-1.CID100000783,PGD,hydrogen,0.914,0.9,0.17,0.0,0.0
9606.ENSP00000229239,-1.CID100000783,GAPDH,hydrogen,0.914,0.9,0.172,0.0,0.0
9606.ENSP00000297283,-1.CID100001003,PGAM2,phosphate,0.913,0.9,0.164,0.0,0.0
-1.CID100000076,-1.CID100000929,DHEA,NADPH,0.913,0.9,0.157,0.0,0.0
9606.ENSP00000346643,-1.CID100000208,HKDC1,alpha-D-Glucose,0.913,0.9,0.163,0.0,0.0
9606.ENSP00000270776,-1.CID100000930,PGD,NADPH,0.913,0.9,0.159,0.0,0.0
-1.CID100000930,-1.CID100005839,NADPH,aldosterone,0.912,0.9,0.15,0.0,0.0
9606.ENSP00000295266,9606.ENSP00000280605,PDHA2,TKTL2,0.912,0.091,0.8,0.557,0.0
9606.ENSP00000405455,9606.ENSP00000366620,TKT,H6PD,0.912,0.608,0.139,0.361,0.641
-1.CID100000930,-1.CID100023925,NADPH,Fe(III,0.911,0.9,0.139,0.0,0.0
-1.CID100000208,-1.CID100000600,alpha-D-Glucose,6-phosphog.nol.,0.911,0.9,0.039615,0.0,0.0
9606.ENSP00000363988,9606.ENSP00000360124,ALDOB,PGM1,0.911,0.458,0.8,0.251,0.0
9606.ENSP00000369134,-1.CID100000783,PDHA1,hydrogen,0.91,0.9,0.131,0.0,0.0
9606.ENSP00000320171,-1.CID100000753,PKM,glycerol,0.91,0.835,0.472,0.0,0.0
9606.ENSP00000295266,-1.CID100000783,PDHA2,hydrogen,0.91,0.9,0.131,0.0,0.0
9606.ENSP00000405573,9606.ENSP00000369134,GPI,PDHA1,0.909,0.093,0.8,0.54,0.0
9606.ENSP00000342032,-1.CID100000783,BPGM,hydrogen,0.909,0.9,0.122,0.0,0.0
9606.ENSP00000359991,-1.CID100000783,PGAM1,hydrogen,0.909,0.9,0.122,0.0,0.0
9606.ENSP00000342032,9606.ENSP00000336927,BPGM,ALDOA,0.909,0.114,0.075,0.8,0.511
9606.ENSP00000297283,-1.CID100000783,PGAM2,hydrogen,0.909,0.9,0.122,0.0,0.0
9606.ENSP00000377192,9606.ENSP00000292432,G6PD,HK3,0.909,0.07,0.8,0.55,0.0
9606.ENSP00000352401,-1.CID100000783,RPE,hydrogen,0.909,0.9,0.117,0.0,0.0
-1.CID100000076,-1.CID100000930,DHEA,NADPH,0.908,0.9,0.112,0.0,0.0
9606.ENSP00000377192,9606.ENSP00000321259,G6PD,TALDO1,0.908,0.462,0.157,0.633,0.515
9606.ENSP00000292432,-1.CID100000783,HK3,hydrogen,0.908,0.9,0.115,0.0,0.0
9606.ENSP00000252603,-1.CID100000930,PGLS,NADPH,0.908,0.9,0.109,0.0,0.0
9606.ENSP00000405455,9606.ENSP00000369134,TKT,PDHA1,0.908,0.091,0.8,0.536,0.0
9606.ENSP00000384774,-1.CID100000783,HK1,hydrogen,0.908,0.9,0.115,0.0,0.0
9606.ENSP00000290573,-1.CID100000783,HK2,hydrogen,0.908,0.9,0.115,0.0,0.0
9606.ENSP00000369134,-1.CID100001003,PDHA1,phosphate,0.908,0.9,0.11,0.0,0.0
9606.ENSP00000366620,-1.CID100001003,H6PD,phosphate,0.908,0.837,0.451,0.0,0.0
9606.ENSP00000223366,-1.CID100000783,GCK,hydrogen,0.908,0.9,0.115,0.0,0.0
9606.ENSP00000346643,-1.CID100000783,HKDC1,hydrogen,0.908,0.9,0.115,0.0,0.0
9606.ENSP00000366620,-1.CID100000783,H6PD,hydrogen,0.907,0.9,0.102,0.0,0.0
9606.ENSP00000252603,-1.CID100000783,PGLS,hydrogen,0.907,0.9,0.102,0.0,0.0
9606.ENSP00000359991,9606.ENSP00000320171,PGAM1,PKM,0.906,0.571,0.79,0.0,0.0
9606.ENSP00000320171,9606.ENSP00000297283,PKM,PGAM2,0.906,0.571,0.79,0.0,0.0
9606.ENSP00000405573,9606.ENSP00000270776,GPI,PGD,0.905,0.112,0.897,0.0,0.0
9606.ENSP00000359991,9606.ENSP00000342032,PGAM1,BPGM,0.905,0.02108,0.9,0.03256,0.0
9606.ENSP00000320171,9606.ENSP00000280605,PKM,TKTL2,0.904,0.279,0.24,0.8,0.229
9606.ENSP00000342032,9606.ENSP00000297283,BPGM,PGAM2,0.904,0.019499,0.9,0.028009,0.0
9606.ENSP00000324105,9606.ENSP00000321259,ENO3,TALDO1,0.904,0.289,0.8,0.383,0.0
9606.ENSP00000384774,9606.ENSP00000377192,HK1,G6PD,0.903,0.07,0.8,0.524,0.0
9606.ENSP00000377192,9606.ENSP00000290573,G6PD,HK2,0.902,0.07,0.8,0.516,0.0
9606.ENSP00000369134,9606.ENSP00000295266,PDHA1,PDHA2,0.901,0.00737800000000001,0.9,0.01204,0.0
9606.ENSP00000344818,9606.ENSP00000324105,UBC,ENO3,0.901,0.895,0.09,0.0,0.0
9606.ENSP00000377192,9606.ENSP00000223366,G6PD,GCK,0.901,0.07,0.8,0.51,0.0
-1.CID100000930,-1.CID100002524,NADPH,calcitriol,0.9,0.9,0.0,0.0,0.0
-1.CID100000757,-1.CID100000930,glycolic acid,NADPH,0.9,0.9,0.0,0.0,0.0
9606.ENSP00000222286,-1.CID100000783,GAPDHS,hydrogen,0.9,0.9,0.0,0.0,0.0
-1.CID100000600,-1.CID100000783,6-phosphog.nol.,hydrogen,0.9,0.9,0.0,0.0,0.0
-1.CID100000208,-1.CID100000783,alpha-D-Glucose,hydrogen,0.9,0.9,0.0,0.0,0.0
-1.CID100000208,-1.CID100023925,alpha-D-Glucose,Fe(III,0.9,0.9,0.0,0.0,0.0
-1.CID100000757,-1.CID100000929,glycolic acid,NADPH,0.9,0.9,0.0,0.0,0.0
9606.ENSP00000366620,9606.ENSP00000280605,H6PD,TKTL2,0.9,0.608,0.139,0.361,0.595
9606.ENSP00000302393,-1.CID100000783,LDHAL6B,hydrogen,0.9,0.9,0.0,0.0,0.0
9606.ENSP00000360124,-1.CID100000208,PGM1,alpha-D-Glucose,0.9,0.9,0.0,0.0,0.0
-1.CID100000929,-1.CID100002524,NADPH,calcitriol,0.9,0.9,0.0,0.0,0.0
-1.CID100000208,-1.CID100000930,alpha-D-Glucose,NADPH,0.9,0.9,0.0,0.0,0.0
9606.ENSP00000363988,9606.ENSP00000280706,ALDOB,LDHAL6A,0.9,0.179,0.8,0.443,0.0
9606.ENSP00000377192,-1.CID100000783,G6PD,hydrogen,0.9,0.9,0.0,0.0,0.0
9606.ENSP00000280706,-1.CID100000783,LDHAL6A,hydrogen,0.9,0.9,0.0,0.0,0.0
-1.CID100000208,-1.CID100000929,alpha-D-Glucose,NADPH,0.9,0.9,0.0,0.0,0.0
-1.CID100000076,-1.CID100000783,DHEA,hydrogen,0.9,0.9,0.0,0.0,0.0
9606.ENSP00000252603,-1.CID100000208,PGLS,alpha-D-Glucose,0.9,0.9,0.0,0.0,0.0
9606.ENSP00000252603,-1.CID100000929,PGLS,NADPH,0.9,0.9,0.0,0.0,0.0
9606.ENSP00000366620,9606.ENSP00000358931,H6PD,TKTL1,0.9,0.608,0.139,0.361,0.595
9606.ENSP00000320171,-1.CID100000783,PKM,hydrogen,0.9,0.9,0.0,0.0,0.0
9606.ENSP00000377192,9606.ENSP00000320171,G6PD,PKM,0.897,0.079,0.07,0.8,0.471
9606.ENSP00000324105,9606.ENSP00000280605,ENO3,TKTL2,0.897,0.289,0.8,0.336,0.0
9606.ENSP00000369134,9606.ENSP00000280605,PDHA1,TKTL2,0.896,0.091,0.8,0.476,0.0
9606.ENSP00000336927,9606.ENSP00000280706,ALDOA,LDHAL6A,0.896,0.179,0.8,0.42,0.0
9606.ENSP00000405455,9606.ENSP00000229319,TKT,LDHB,0.896,0.112,0.8,0.466,0.0
9606.ENSP00000377192,9606.ENSP00000346643,G6PD,HKDC1,0.895,0.07,0.8,0.484,0.0
9606.ENSP00000377192,-1.CID100004908,G6PD,primaquine,0.895,0.7,0.663,0.0,0.0
9606.ENSP00000405455,9606.ENSP00000359991,TKT,PGAM1,0.895,0.073,0.8,0.481,0.0
9606.ENSP00000336927,9606.ENSP00000302393,ALDOA,LDHAL6B,0.894,0.157,0.8,0.426,0.0
9606.ENSP00000366620,-1.CID100000929,H6PD,NADPH,0.894,0.8,0.484,0.0,0.0
9606.ENSP00000405455,9606.ENSP00000290573,TKT,HK2,0.894,0.092,0.8,0.465,0.0
9606.ENSP00000324105,9606.ENSP00000229319,ENO3,LDHB,0.893,0.074,0.381,0.828,0.0
9606.ENSP00000342032,9606.ENSP00000226253,BPGM,ALDOC,0.893,0.114,0.075,0.8,0.426
9606.ENSP00000405455,9606.ENSP00000280704,TKT,LDHC,0.892,0.112,0.8,0.44,0.0
9606.ENSP00000405455,9606.ENSP00000384774,TKT,HK1,0.891,0.092,0.8,0.451,0.0
9606.ENSP00000405573,9606.ENSP00000302393,GPI,LDHAL6B,0.888,0.113,0.142,0.8,0.354
9606.ENSP00000363988,9606.ENSP00000342032,ALDOB,BPGM,0.887,0.114,0.075,0.8,0.393
9606.ENSP00000324105,9606.ENSP00000280704,ENO3,LDHC,0.887,0.074,0.381,0.819,0.0
9606.ENSP00000377192,9606.ENSP00000280704,G6PD,LDHC,0.885,0.073,0.8,0.433,0.0
9606.ENSP00000302393,9606.ENSP00000226253,LDHAL6B,ALDOC,0.884,0.157,0.8,0.371,0.0
9606.ENSP00000363988,9606.ENSP00000302393,ALDOB,LDHAL6B,0.884,0.157,0.8,0.371,0.0
9606.ENSP00000405573,9606.ENSP00000280706,GPI,LDHAL6A,0.884,0.113,0.157,0.8,0.32
9606.ENSP00000377192,-1.CID100071613,G6PD,EpiBr,0.88,0.091,0.8,0.381,0.0
9606.ENSP00000377192,9606.ENSP00000295266,G6PD,PDHA2,0.88,0.8,0.427,0.0,0.0
9606.ENSP00000360124,9606.ENSP00000270776,PGM1,PGD,0.879,0.09,0.872,0.0,0.0
9606.ENSP00000360124,9606.ENSP00000324105,PGM1,ENO3,0.879,0.736,0.562,0.0,0.0
9606.ENSP00000369134,9606.ENSP00000226253,PDHA1,ALDOC,0.878,0.146,0.8,0.346,0.0
9606.ENSP00000321259,9606.ENSP00000229239,TALDO1,GAPDH,0.878,0.117,0.8,0.365,0.0
9606.ENSP00000358931,9606.ENSP00000321259,TKTL1,TALDO1,0.877,0.462,0.444,0.186,0.557
9606.ENSP00000321259,9606.ENSP00000229319,TALDO1,LDHB,0.876,0.104,0.8,0.367,0.0
9606.ENSP00000405573,9606.ENSP00000295266,GPI,PDHA2,0.876,0.093,0.8,0.374,0.0
9606.ENSP00000405455,9606.ENSP00000297283,TKT,PGAM2,0.875,0.073,0.8,0.38,0.0
9606.ENSP00000405455,9606.ENSP00000295266,TKT,PDHA2,0.875,0.091,0.8,0.372,0.0
9606.ENSP00000377192,9606.ENSP00000324105,G6PD,ENO3,0.874,0.071,0.8,0.38,0.0
9606.ENSP00000369134,9606.ENSP00000321259,PDHA1,TALDO1,0.874,0.12,0.8,0.345,0.0
9606.ENSP00000321259,9606.ENSP00000280704,TALDO1,LDHC,0.871,0.104,0.8,0.338,0.0
9606.ENSP00000377192,-1.CID100001003,G6PD,phosphate,0.87,0.618,0.669,0.0,0.0
9606.ENSP00000405455,9606.ENSP00000292432,TKT,HK3,0.869,0.092,0.8,0.338,0.0
9606.ENSP00000346643,9606.ENSP00000226253,HKDC1,ALDOC,0.866,0.073,0.8,0.337,0.0
9606.ENSP00000295266,9606.ENSP00000226253,PDHA2,ALDOC,0.866,0.146,0.8,0.279,0.0
9606.ENSP00000359991,9606.ENSP00000321259,PGAM1,TALDO1,0.866,0.08,0.8,0.33,0.0
9606.ENSP00000377192,9606.ENSP00000229239,G6PD,GAPDH,0.865,0.8,0.353,0.0,0.0
9606.ENSP00000369134,9606.ENSP00000363988,PDHA1,ALDOB,0.864,0.146,0.8,0.27,0.0
9606.ENSP00000321259,9606.ENSP00000290573,TALDO1,HK2,0.864,0.8,0.348,0.0,0.0
9606.ENSP00000321259,9606.ENSP00000292432,TALDO1,HK3,0.864,0.8,0.352,0.0,0.0
9606.ENSP00000405455,9606.ENSP00000302393,TKT,LDHAL6B,0.864,0.112,0.8,0.3,0.0
9606.ENSP00000366620,9606.ENSP00000352401,H6PD,RPE,0.864,0.07,0.671,0.591,0.0
9606.ENSP00000321259,9606.ENSP00000223366,TALDO1,GCK,0.863,0.8,0.343,0.0,0.0
9606.ENSP00000377192,9606.ENSP00000369134,G6PD,PDHA1,0.863,0.8,0.344,0.0,0.0
9606.ENSP00000369134,9606.ENSP00000336927,PDHA1,ALDOA,0.862,0.146,0.8,0.258,0.0
9606.ENSP00000384774,-1.CID100001003,HK1,phosphate,0.861,0.8,0.327,0.0,0.0
9606.ENSP00000377192,9606.ENSP00000302393,G6PD,LDHAL6B,0.861,0.073,0.8,0.313,0.0
9606.ENSP00000344818,9606.ENSP00000290573,UBC,HK2,0.861,0.855,0.078,0.0,0.0
9606.ENSP00000377192,9606.ENSP00000280706,G6PD,LDHAL6A,0.861,0.073,0.8,0.313,0.0
9606.ENSP00000320171,9606.ENSP00000290573,PKM,HK2,0.861,0.112,0.11,0.838,0.0
9606.ENSP00000320171,9606.ENSP00000292432,PKM,HK3,0.861,0.112,0.11,0.838,0.0
9606.ENSP00000324105,-1.CID100001003,ENO3,phosphate,0.86,0.845,0.123,0.0,0.0
9606.ENSP00000359991,9606.ENSP00000280605,PGAM1,TKTL2,0.859,0.073,0.8,0.304,0.0
9606.ENSP00000384774,9606.ENSP00000321259,HK1,TALDO1,0.859,0.8,0.324,0.0,0.0
9606.ENSP00000377192,-1.CID100000753,G6PD,glycerol,0.859,0.8,0.316,0.0,0.0
9606.ENSP00000377192,-1.CID100023925,G6PD,Fe(III,0.857,0.7,0.539,0.0,0.0
9606.ENSP00000377192,9606.ENSP00000222286,G6PD,GAPDHS,0.857,0.8,0.317,0.0,0.0
9606.ENSP00000229319,9606.ENSP00000229239,LDHB,GAPDH,0.854,0.157,0.834,0.0,0.0
9606.ENSP00000321259,9606.ENSP00000297283,TALDO1,PGAM2,0.852,0.08,0.8,0.26,0.0
9606.ENSP00000336927,9606.ENSP00000295266,ALDOA,PDHA2,0.849,0.146,0.8,0.191,0.0
9606.ENSP00000363988,9606.ENSP00000346643,ALDOB,HKDC1,0.849,0.073,0.8,0.252,0.0
9606.ENSP00000321259,9606.ENSP00000302393,TALDO1,LDHAL6B,0.849,0.104,0.8,0.226,0.0
9606.ENSP00000321259,9606.ENSP00000280706,TALDO1,LDHAL6A,0.849,0.104,0.8,0.226,0.0
9606.ENSP00000363988,9606.ENSP00000295266,ALDOB,PDHA2,0.849,0.146,0.8,0.19,0.0
9606.ENSP00000280704,9606.ENSP00000280605,LDHC,TKTL2,0.848,0.112,0.8,0.213,0.0
9606.ENSP00000346643,9606.ENSP00000336927,HKDC1,ALDOA,0.848,0.073,0.8,0.25,0.0
9606.ENSP00000280605,9606.ENSP00000229319,TKTL2,LDHB,0.847,0.112,0.8,0.211,0.0
9606.ENSP00000377192,9606.ENSP00000371393,G6PD,PGM2,0.847,0.072,0.8,0.243,0.0
9606.ENSP00000321259,9606.ENSP00000222286,TALDO1,GAPDHS,0.846,0.117,0.8,0.199,0.0
9606.ENSP00000321259,9606.ENSP00000295266,TALDO1,PDHA2,0.846,0.12,0.8,0.199,0.0
9606.ENSP00000280706,9606.ENSP00000280605,LDHAL6A,TKTL2,0.845,0.112,0.8,0.202,0.0
9606.ENSP00000302393,9606.ENSP00000280605,LDHAL6B,TKTL2,0.845,0.112,0.8,0.202,0.0
9606.ENSP00000405455,9606.ENSP00000280706,TKT,LDHAL6A,0.845,0.112,0.8,0.202,0.0
9606.ENSP00000360124,9606.ENSP00000320171,PGM1,PKM,0.844,0.736,0.436,0.0,0.0
9606.ENSP00000297283,9606.ENSP00000280605,PGAM2,TKTL2,0.843,0.073,0.8,0.224,0.0
9606.ENSP00000229239,-1.CID100002524,GAPDH,calcitriol,0.843,0.842,0.0,0.0,0.0
9606.ENSP00000405455,9606.ENSP00000377192,TKT,G6PD,0.843,0.462,0.09,0.373,0.549
9606.ENSP00000405455,9606.ENSP00000342032,TKT,BPGM,0.843,0.073,0.8,0.224,0.0
9606.ENSP00000342032,9606.ENSP00000280605,BPGM,TKTL2,0.843,0.073,0.8,0.224,0.0
9606.ENSP00000405455,9606.ENSP00000346643,TKT,HKDC1,0.842,0.092,0.8,0.201,0.0
9606.ENSP00000292432,9606.ENSP00000280605,HK3,TKTL2,0.842,0.092,0.8,0.201,0.0
9606.ENSP00000346643,9606.ENSP00000280605,HKDC1,TKTL2,0.842,0.092,0.8,0.201,0.0
9606.ENSP00000280605,9606.ENSP00000223366,TKTL2,GCK,0.842,0.092,0.8,0.201,0.0
9606.ENSP00000384774,9606.ENSP00000280605,HK1,TKTL2,0.842,0.092,0.8,0.201,0.0
9606.ENSP00000290573,9606.ENSP00000280605,HK2,TKTL2,0.842,0.092,0.8,0.201,0.0
9606.ENSP00000342032,9606.ENSP00000321259,BPGM,TALDO1,0.841,0.08,0.8,0.206,0.0
9606.ENSP00000336927,-1.CID100001003,ALDOA,phosphate,0.839,0.795,0.239,0.0,0.0
9606.ENSP00000346643,9606.ENSP00000321259,HKDC1,TALDO1,0.839,0.8,0.232,0.0,0.0
9606.ENSP00000377192,9606.ENSP00000297283,G6PD,PGAM2,0.838,0.8,0.226,0.0,0.0
9606.ENSP00000377192,9606.ENSP00000359991,G6PD,PGAM1,0.838,0.8,0.226,0.0,0.0
9606.ENSP00000377192,9606.ENSP00000342032,G6PD,BPGM,0.838,0.8,0.226,0.0,0.0
9606.ENSP00000384774,9606.ENSP00000320171,HK1,PKM,0.837,0.112,0.11,0.81,0.0
9606.ENSP00000377192,-1.CID100002524,G6PD,calcitriol,0.836,0.7,0.471,0.0,0.0
9606.ENSP00000405455,9606.ENSP00000252603,TKT,PGLS,0.836,0.462,0.097,0.69,0.0
9606.ENSP00000371393,9606.ENSP00000321259,PGM2,TALDO1,0.833,0.102,0.8,0.145,0.0
9606.ENSP00000377192,9606.ENSP00000226253,G6PD,ALDOC,0.832,0.8,0.198,0.0,0.0
9606.ENSP00000377192,9606.ENSP00000363988,G6PD,ALDOB,0.832,0.8,0.198,0.0,0.0
9606.ENSP00000377192,9606.ENSP00000336927,G6PD,ALDOA,0.832,0.8,0.198,0.0,0.0
9606.ENSP00000363988,9606.ENSP00000336927,ALDOB,ALDOA,0.829,0.011067,0.159,0.8,0.015918
9606.ENSP00000377192,-1.CID153629505,G6PD,androgen,0.828,0.828,0.0,0.0,0.0
9606.ENSP00000377192,-1.CID100004139,G6PD,methylene blue,0.828,0.7,0.443,0.0,0.0
9606.ENSP00000371393,9606.ENSP00000336927,PGM2,ALDOA,0.828,0.072,0.8,0.147,0.0
9606.ENSP00000377192,-1.CID100005839,G6PD,aldosterone,0.826,0.826,0.0,0.0,0.0
9606.ENSP00000405573,-1.CID100000753,GPI,glycerol,0.825,0.795,0.17,0.0,0.0
9606.ENSP00000320171,9606.ENSP00000223366,PKM,GCK,0.825,0.112,0.11,0.797,0.0
9606.ENSP00000369134,9606.ENSP00000344818,PDHA1,UBC,0.824,0.823,0.0,0.0,0.0
9606.ENSP00000377192,9606.ENSP00000352401,G6PD,RPE,0.823,0.725,0.384,0.0,0.0
9606.ENSP00000369134,-1.CID100000753,PDHA1,glycerol,0.821,0.8,0.131,0.0,0.0
9606.ENSP00000377192,9606.ENSP00000358931,G6PD,TKTL1,0.82,0.462,0.09,0.373,0.483
9606.ENSP00000377192,9606.ENSP00000280605,G6PD,TKTL2,0.82,0.462,0.09,0.373,0.483
9606.ENSP00000297283,9606.ENSP00000229239,PGAM2,GAPDH,0.818,0.262,0.404,0.619,0.0
9606.ENSP00000352401,-1.CID100000753,RPE,glycerol,0.818,0.8,0.121,0.0,0.0
9606.ENSP00000371393,9606.ENSP00000363988,PGM2,ALDOB,0.816,0.072,0.8,0.092,0.0
9606.ENSP00000371393,9606.ENSP00000226253,PGM2,ALDOC,0.816,0.072,0.8,0.092,0.0
9606.ENSP00000229239,-1.CID100000784,GAPDH,hydrogen perox.,0.815,0.15,0.788,0.0,0.0
-1.CID100000208,-1.CID100000753,alpha-D-Glucose,glycerol,0.815,0.8,0.102,0.0,0.0
9606.ENSP00000280704,9606.ENSP00000229239,LDHC,GAPDH,0.81,0.157,0.784,0.0,0.0
9606.ENSP00000384774,9606.ENSP00000292432,HK1,HK3,0.81,0.021607,0.8,0.034276,0.0
9606.ENSP00000292432,9606.ENSP00000290573,HK3,HK2,0.809,0.018972,0.8,0.028872,0.0
9606.ENSP00000346643,9606.ENSP00000292432,HKDC1,HK3,0.808,0.022092,0.8,0.021756,0.0
9606.ENSP00000363988,9606.ENSP00000226253,ALDOB,ALDOC,0.805,0.011067,0.8,0.015918,0.0
9606.ENSP00000384774,9606.ENSP00000290573,HK1,HK2,0.804,0.00948600000000001,0.8,0.01566,0.0
9606.ENSP00000321259,-1.CID100000753,TALDO1,glycerol,0.803,0.755,0.218,0.0,0.0
9606.ENSP00000346643,9606.ENSP00000290573,HKDC1,HK2,0.802,0.01054,0.8,0.00276,0.0
9606.ENSP00000384774,9606.ENSP00000346643,HK1,HKDC1,0.802,0.010013,0.8,0.003553,0.0
9606.ENSP00000352401,-1.CID100023925,RPE,Fe(III,0.8,0.8,0.0,0.0,0.0
9606.ENSP00000229239,-1.CID100000753,GAPDH,glycerol,0.799,0.628,0.476,0.0,0.0
9606.ENSP00000297283,9606.ENSP00000222286,PGAM2,GAPDHS,0.796,0.262,0.404,0.574,0.0
-1.CID100000076,-1.CID100005839,DHEA,aldosterone,0.793,0.30927,0.0,0.0,0.0
-1.CID100004139,-1.CID100004908,methylene blue,primaquine,0.792,0.792,0.0,0.0,0.0
9606.ENSP00000226253,-1.CID100001003,ALDOC,phosphate,0.779,0.674,0.342,0.0,0.0
9606.ENSP00000363988,-1.CID100001003,ALDOB,phosphate,0.77,0.674,0.315,0.0,0.0
9606.ENSP00000320171,9606.ENSP00000222286,PKM,GAPDHS,0.77,0.284,0.474,0.439,0.0
9606.ENSP00000324105,-1.CID100000753,ENO3,glycerol,0.768,0.588,0.453,0.0,0.0
9606.ENSP00000321259,-1.CID100001003,TALDO1,phosphate,0.762,0.69,0.252,0.0,0.0
9606.ENSP00000371393,9606.ENSP00000344818,PGM2,UBC,0.762,0.754,0.071,0.0,0.0
9606.ENSP00000371393,9606.ENSP00000270776,PGM2,PGD,0.755,0.111,0.736,0.0,0.0
9606.ENSP00000270776,9606.ENSP00000223366,PGD,GCK,0.754,0.754,0.0,0.0,0.0
9606.ENSP00000363988,9606.ENSP00000344818,ALDOB,UBC,0.752,0.738,0.089,0.0,0.0
9606.ENSP00000270776,9606.ENSP00000229319,PGD,LDHB,0.75,0.07,0.389,0.595,0.0
-1.CID100005839,-1.CID153629505,aldosterone,androgen,0.743,0.743,0.0,0.0,0.0
9606.ENSP00000359991,9606.ENSP00000222286,PGAM1,GAPDHS,0.741,0.262,0.404,0.459,0.0
9606.ENSP00000270776,-1.CID100004139,PGD,methylene blue,0.739,0.7,0.158,0.0,0.0
9606.ENSP00000366620,-1.CID100000784,H6PD,hydrogen perox.,0.735,0.735,0.0,0.0,0.0
9606.ENSP00000366620,-1.CID100000076,H6PD,DHEA,0.729,0.117,0.702,0.0,0.0
9606.ENSP00000229239,9606.ENSP00000223366,GAPDH,GCK,0.728,0.076,0.717,0.0,0.0
9606.ENSP00000292432,9606.ENSP00000280704,HK3,LDHC,0.726,0.083,0.714,0.0,0.0
9606.ENSP00000321259,9606.ENSP00000252603,TALDO1,PGLS,0.725,0.462,0.182,0.425,0.0
9606.ENSP00000252603,-1.CID100001003,PGLS,phosphate,0.725,0.701,0.106,0.0,0.0
9606.ENSP00000405455,-1.CID100001003,TKT,phosphate,0.722,0.601,0.323,0.0,0.0
9606.ENSP00000405573,9606.ENSP00000252603,GPI,PGLS,0.722,0.462,0.505,0.0,0.0
9606.ENSP00000292432,9606.ENSP00000229319,HK3,LDHB,0.721,0.083,0.708,0.0,0.0
9606.ENSP00000358931,9606.ENSP00000270776,TKTL1,PGD,0.721,0.265,0.203,0.563,0.0
-1.CID100002524,-1.CID153629505,calcitriol,androgen,0.717,0.717,0.0,0.0,0.0
9606.ENSP00000280704,9606.ENSP00000222286,LDHC,GAPDHS,0.714,0.157,0.675,0.0,0.0
9606.ENSP00000270776,9606.ENSP00000229239,PGD,GAPDH,0.711,0.08,0.699,0.0,0.0
9606.ENSP00000358931,9606.ENSP00000352401,TKTL1,RPE,0.711,0.284,0.14,0.253,0.447
9606.ENSP00000344818,9606.ENSP00000342032,UBC,BPGM,0.71,0.71,0.0,0.0,0.0
9606.ENSP00000405455,-1.CID100000753,TKT,glycerol,0.709,0.601,0.291,0.0,0.0
9606.ENSP00000384774,9606.ENSP00000280704,HK1,LDHC,0.706,0.083,0.692,0.0,0.0
9606.ENSP00000384774,9606.ENSP00000229319,HK1,LDHB,0.704,0.083,0.69,0.0,0.0
9606.ENSP00000360124,-1.CID100001003,PGM1,phosphate,0.704,0.618,0.246,0.0,0.0
9606.ENSP00000280605,9606.ENSP00000270776,TKTL2,PGD,0.703,0.265,0.203,0.534,0.0
9606.ENSP00000366620,-1.CID100000753,H6PD,glycerol,0.703,0.601,0.277,0.0,0.0
